0-v3dev-cdn.hackthissite.org,v3dev.hackthissite.org.
0-v3stage-cdn.hackthissite.org,v3stage-cdn.hackthissite.org.
1-v3dev-cdn.hackthissite.org,v3dev.hackthissite.org.
1-v3stage-cdn.hackthissite.org,v3stage-cdn.hackthissite.org.
2-v3dev-cdn.hackthissite.org,v3dev.hackthissite.org.
2-v3stage-cdn.hackthissite.org,v3stage-cdn.hackthissite.org.
3-v3dev-cdn.hackthissite.org,v3dev.hackthissite.org.
3-v3stage-cdn.hackthissite.org,v3stage-cdn.hackthissite.org.
4-v3dev-cdn.hackthissite.org,v3dev.hackthissite.org.
4-v3stage-cdn.hackthissite.org,v3stage-cdn.hackthissite.org.
ctf.hackthissite.org,hackthissite.github.io.
forums.hackthissite.org,hackthissite.org.
h5ai.hackthissite.org,hackthissite.github.io.
hackthissite.org,137.74.187.102
hp.hackthissite.org,137.74.187.100
hub.irc.hackthissite.org,irc-hub.hackthissite.org.
irc.hackthissite.org,185.24.222.13
irc-hub.hackthissite.org,198.148.81.169
irc-lille.hackthissite.org,lille.irc.hackthissite.org.
irc-wolf.hackthissite.org,185.24.222.13
irc-www.hackthissite.org,www.irc.hackthissite.org.
lille.irc.hackthissite.org,137.74.187.150
mirror.hackthissite.org,137.74.187.133
psrp.hackthissite.org,hackmail.org.
qdb.hackthissite.org,irc-www.hackthissite.org.
ctf.hackthissite.org,hackthissite.github.io.
h5ai.hackthissite.org,hackthissite.github.io.
hackthissite.org,137.74.187.104
irc.hackthissite.org,185.24.222.13
irc-lille.hackthissite.org,lille.irc.hackthissite.org.
irc-wolf.hackthissite.org,185.24.222.13
legal.hackthissite.org,137.74.187.137
lille.irc.hackthissite.org,137.74.187.152
status.hackthissite.org,edge.redirect.pizza.
stats.hackthissite.org,137.74.187.135
wolf.irc.hackthissite.org,185.24.222.13
www.hackthissite.org,137.74.187.101
www.irc.hackthissite.org,137.74.187.153
v3dev-cdn.hackthissite.org,v3dev.hackthissite.org.
v3dev.hackthissite.org,198.148.81.145
v3stage-cdn.hackthissite.org,198.148.81.146
wolf.irc.hackthissite.org,185.24.222.13
www.hackthissite.org,137.74.187.101
www.irc.hackthissite.org,137.74.187.153
